{"is_source_file": true, "format": "Python", "description": "This file contains data models (schemas) for a food delivery management system, including representations for restaurants, menu items, orders, order items, and delivery updates, primarily using pydantic for data validation.", "external_files": ["datetime", "typing", "pydantic"], "external_methods": [], "published": ["RestaurantBase", "RestaurantCreate", "RestaurantRead", "MenuItemBase", "MenuItemCreate", "MenuItemRead", "OrderItemCreate", "OrderCreate", "OrderItemRead", "OrderRead", "DeliveryUpdate", "PaymentCreate"], "classes": [{"name": "RestaurantBase", "description": "Shared base model for restaurant data."}, {"name": "RestaurantCreate", "description": "Model used for creating a new restaurant."}, {"name": "RestaurantRead", "description": "Model for reading restaurant data, includes ID and created_at timestamp."}, {"name": "MenuItemBase", "description": "Shared base model for menu item data."}, {"name": "MenuItemCreate", "description": "Model used for creating a new menu item."}, {"name": "MenuItemRead", "description": "Model for reading menu item data, includes ID and created_at timestamp."}, {"name": "OrderItemCreate", "description": "Model for creating an order item line."}, {"name": "OrderCreate", "description": "Model for creating an order with restaurant ID and list of items."}, {"name": "OrderItemRead", "description": "Model for reading order item details."}, {"name": "OrderRead", "description": "Model for reading order details, including status and list of items."}, {"name": "DeliveryUpdate", "description": "Model for updating delivery status of an order."}, {"name": "PaymentCreate", "description": "Model for recording a payment for an order."}], "methods": [], "calls": [], "search-terms": ["pydantic", "schemas", "restaurant", "menu item", "order", "delivery", "payment", "models"], "state": 2, "file_id": 7, "knowledge_revision": 26, "git_revision": "d14c09d9101f338766e90860c922b16fd13c7164", "ctags": [{"_type": "tag", "name": "Config", "path": "/home/kavia/workspace/code-generation/food-delivery-management-system-315257-315266/backend_api/src/api/models/schemas.py", "pattern": "/^    class Config:$/", "language": "Python", "kind": "class", "scope": "MenuItemRead", "scopeKind": "class"}, {"_type": "tag", "name": "Config", "path": "/home/kavia/workspace/code-generation/food-delivery-management-system-315257-315266/backend_api/src/api/models/schemas.py", "pattern": "/^    class Config:$/", "language": "Python", "kind": "class", "scope": "OrderItemRead", "scopeKind": "class"}, {"_type": "tag", "name": "Config", "path": "/home/kavia/workspace/code-generation/food-delivery-management-system-315257-315266/backend_api/src/api/models/schemas.py", "pattern": "/^    class Config:$/", "language": "Python", "kind": "class", "scope": "OrderRead", "scopeKind": "class"}, {"_type": "tag", "name": "Config", "path": "/home/kavia/workspace/code-generation/food-delivery-management-system-315257-315266/backend_api/src/api/models/schemas.py", "pattern": "/^    class Config:$/", "language": "Python", "kind": "class", "scope": "RestaurantRead", "scopeKind": "class"}, {"_type": "tag", "name": "DeliveryUpdate", "path": "/home/kavia/workspace/code-generation/food-delivery-management-system-315257-315266/backend_api/src/api/models/schemas.py", "pattern": "/^class DeliveryUpdate(BaseModel):$/", "language": "Python", "kind": "class"}, {"_type": "tag", "name": "MenuItemBase", "path": "/home/kavia/workspace/code-generation/food-delivery-management-system-315257-315266/backend_api/src/api/models/schemas.py", "pattern": "/^class MenuItemBase(BaseModel):$/", "language": "Python", "kind": "class"}, {"_type": "tag", "name": "MenuItemCreate", "path": "/home/kavia/workspace/code-generation/food-delivery-management-system-315257-315266/backend_api/src/api/models/schemas.py", "pattern": "/^class MenuItemCreate(MenuItemBase):$/", "language": "Python", "kind": "class"}, {"_type": "tag", "name": "MenuItemRead", "path": "/home/kavia/workspace/code-generation/food-delivery-management-system-315257-315266/backend_api/src/api/models/schemas.py", "pattern": "/^class MenuItemRead(MenuItemBase):$/", "language": "Python", "kind": "class"}, {"_type": "tag", "name": "OrderCreate", "path": "/home/kavia/workspace/code-generation/food-delivery-management-system-315257-315266/backend_api/src/api/models/schemas.py", "pattern": "/^class OrderCreate(BaseModel):$/", "language": "Python", "kind": "class"}, {"_type": "tag", "name": "OrderItemCreate", "path": "/home/kavia/workspace/code-generation/food-delivery-management-system-315257-315266/backend_api/src/api/models/schemas.py", "pattern": "/^class OrderItemCreate(BaseModel):$/", "language": "Python", "kind": "class"}, {"_type": "tag", "name": "OrderItemRead", "path": "/home/kavia/workspace/code-generation/food-delivery-management-system-315257-315266/backend_api/src/api/models/schemas.py", "pattern": "/^class OrderItemRead(BaseModel):$/", "language": "Python", "kind": "class"}, {"_type": "tag", "name": "OrderRead", "path": "/home/kavia/workspace/code-generation/food-delivery-management-system-315257-315266/backend_api/src/api/models/schemas.py", "pattern": "/^class OrderRead(BaseModel):$/", "language": "Python", "kind": "class"}, {"_type": "tag", "name": "PaymentCreate", "path": "/home/kavia/workspace/code-generation/food-delivery-management-system-315257-315266/backend_api/src/api/models/schemas.py", "pattern": "/^class PaymentCreate(BaseModel):$/", "language": "Python", "kind": "class"}, {"_type": "tag", "name": "RestaurantBase", "path": "/home/kavia/workspace/code-generation/food-delivery-management-system-315257-315266/backend_api/src/api/models/schemas.py", "pattern": "/^class RestaurantBase(BaseModel):$/", "language": "Python", "kind": "class"}, {"_type": "tag", "name": "RestaurantCreate", "path": "/home/kavia/workspace/code-generation/food-delivery-management-system-315257-315266/backend_api/src/api/models/schemas.py", "pattern": "/^class RestaurantCreate(RestaurantBase):$/", "language": "Python", "kind": "class"}, {"_type": "tag", "name": "RestaurantRead", "path": "/home/kavia/workspace/code-generation/food-delivery-management-system-315257-315266/backend_api/src/api/models/schemas.py", "pattern": "/^class RestaurantRead(RestaurantBase):$/", "language": "Python", "kind": "class"}, {"_type": "tag", "name": "amount_cents", "path": "/home/kavia/workspace/code-generation/food-delivery-management-system-315257-315266/backend_api/src/api/models/schemas.py", "pattern": "/^    amount_cents: int = Field(..., ge=0, description=\"Amount paid in cents.\")$/", "language": "Python", "typeref": "typename:int", "kind": "variable", "scope": "PaymentCreate", "scopeKind": "class"}, {"_type": "tag", "name": "created_at", "path": "/home/kavia/workspace/code-generation/food-delivery-management-system-315257-315266/backend_api/src/api/models/schemas.py", "pattern": "/^    created_at: datetime = Field(..., description=\"Creation timestamp.\")$/", "language": "Python", "typeref": "typename:datetime", "kind": "variable", "scope": "MenuItemRead", "scopeKind": "class"}, {"_type": "tag", "name": "created_at", "path": "/home/kavia/workspace/code-generation/food-delivery-management-system-315257-315266/backend_api/src/api/models/schemas.py", "pattern": "/^    created_at: datetime = Field(..., description=\"Creation timestamp.\")$/", "language": "Python", "typeref": "typename:datetime", "kind": "variable", "scope": "OrderRead", "scopeKind": "class"}, {"_type": "tag", "name": "created_at", "path": "/home/kavia/workspace/code-generation/food-delivery-management-system-315257-315266/backend_api/src/api/models/schemas.py", "pattern": "/^    created_at: datetime = Field(..., description=\"Creation timestamp.\")$/", "language": "Python", "typeref": "typename:datetime", "kind": "variable", "scope": "RestaurantRead", "scopeKind": "class"}, {"_type": "tag", "name": "description", "path": "/home/kavia/workspace/code-generation/food-delivery-management-system-315257-315266/backend_api/src/api/models/schemas.py", "pattern": "/^    description: Optional[str] = Field(default=None, description=\"Optional item description.\")$/", "language": "Python", "typeref": "typename:Optional[str]", "kind": "variable", "scope": "MenuItemBase", "scopeKind": "class"}, {"_type": "tag", "name": "description", "path": "/home/kavia/workspace/code-generation/food-delivery-management-system-315257-315266/backend_api/src/api/models/schemas.py", "pattern": "/^    description: Optional[str] = Field(default=None, description=\"Optional restaurant descriptio/", "language": "Python", "typeref": "typename:Optional[str]", "kind": "variable", "scope": "RestaurantBase", "scopeKind": "class"}, {"_type": "tag", "name": "from_attributes", "path": "/home/kavia/workspace/code-generation/food-delivery-management-system-315257-315266/backend_api/src/api/models/schemas.py", "pattern": "/^        from_attributes = True$/", "language": "Python", "kind": "variable", "scope": "MenuItemRead.Config", "scopeKind": "class"}, {"_type": "tag", "name": "from_attributes", "path": "/home/kavia/workspace/code-generation/food-delivery-management-system-315257-315266/backend_api/src/api/models/schemas.py", "pattern": "/^        from_attributes = True$/", "language": "Python", "kind": "variable", "scope": "OrderItemRead.Config", "scopeKind": "class"}, {"_type": "tag", "name": "from_attributes", "path": "/home/kavia/workspace/code-generation/food-delivery-management-system-315257-315266/backend_api/src/api/models/schemas.py", "pattern": "/^        from_attributes = True$/", "language": "Python", "kind": "variable", "scope": "OrderRead.Config", "scopeKind": "class"}, {"_type": "tag", "name": "from_attributes", "path": "/home/kavia/workspace/code-generation/food-delivery-management-system-315257-315266/backend_api/src/api/models/schemas.py", "pattern": "/^        from_attributes = True$/", "language": "Python", "kind": "variable", "scope": "RestaurantRead.Config", "scopeKind": "class"}, {"_type": "tag", "name": "id", "path": "/home/kavia/workspace/code-generation/food-delivery-management-system-315257-315266/backend_api/src/api/models/schemas.py", "pattern": "/^    id: int = Field(..., description=\"Menu item ID.\")$/", "language": "Python", "typeref": "typename:int", "kind": "variable", "scope": "MenuItemRead", "scopeKind": "class"}, {"_type": "tag", "name": "id", "path": "/home/kavia/workspace/code-generation/food-delivery-management-system-315257-315266/backend_api/src/api/models/schemas.py", "pattern": "/^    id: int = Field(..., description=\"Order ID.\")$/", "language": "Python", "typeref": "typename:int", "kind": "variable", "scope": "OrderRead", "scopeKind": "class"}, {"_type": "tag", "name": "id", "path": "/home/kavia/workspace/code-generation/food-delivery-management-system-315257-315266/backend_api/src/api/models/schemas.py", "pattern": "/^    id: int = Field(..., description=\"Order item ID.\")$/", "language": "Python", "typeref": "typename:int", "kind": "variable", "scope": "OrderItemRead", "scopeKind": "class"}, {"_type": "tag", "name": "id", "path": "/home/kavia/workspace/code-generation/food-delivery-management-system-315257-315266/backend_api/src/api/models/schemas.py", "pattern": "/^    id: int = Field(..., description=\"Restaurant ID.\")$/", "language": "Python", "typeref": "typename:int", "kind": "variable", "scope": "RestaurantRead", "scopeKind": "class"}, {"_type": "tag", "name": "is_active", "path": "/home/kavia/workspace/code-generation/food-delivery-management-system-315257-315266/backend_api/src/api/models/schemas.py", "pattern": "/^    is_active: bool = Field(default=True, description=\"Whether the restaurant is accepting order/", "language": "Python", "typeref": "typename:bool", "kind": "variable", "scope": "RestaurantBase", "scopeKind": "class"}, {"_type": "tag", "name": "is_available", "path": "/home/kavia/workspace/code-generation/food-delivery-management-system-315257-315266/backend_api/src/api/models/schemas.py", "pattern": "/^    is_available: bool = Field(default=True, description=\"Availability flag.\")$/", "language": "Python", "typeref": "typename:bool", "kind": "variable", "scope": "MenuItemBase", "scopeKind": "class"}, {"_type": "tag", "name": "items", "path": "/home/kavia/workspace/code-generation/food-delivery-management-system-315257-315266/backend_api/src/api/models/schemas.py", "pattern": "/^    items: List[OrderItemCreate] = Field(..., min_length=1, description=\"At least one order line/", "language": "Python", "typeref": "typename:List[OrderItemCreate]", "kind": "variable", "scope": "OrderCreate", "scopeKind": "class"}, {"_type": "tag", "name": "items", "path": "/home/kavia/workspace/code-generation/food-delivery-management-system-315257-315266/backend_api/src/api/models/schemas.py", "pattern": "/^    items: List[OrderItemRead] = Field(default_factory=list, description=\"Order line items.\")$/", "language": "Python", "typeref": "typename:List[OrderItemRead]", "kind": "variable", "scope": "OrderRead", "scopeKind": "class"}, {"_type": "tag", "name": "menu_item_id", "path": "/home/kavia/workspace/code-generation/food-delivery-management-system-315257-315266/backend_api/src/api/models/schemas.py", "pattern": "/^    menu_item_id: int = Field(..., description=\"Menu item ID.\")$/", "language": "Python", "typeref": "typename:int", "kind": "variable", "scope": "OrderItemCreate", "scopeKind": "class"}, {"_type": "tag", "name": "menu_item_id", "path": "/home/kavia/workspace/code-generation/food-delivery-management-system-315257-315266/backend_api/src/api/models/schemas.py", "pattern": "/^    menu_item_id: int = Field(..., description=\"Menu item ID.\")$/", "language": "Python", "typeref": "typename:int", "kind": "variable", "scope": "OrderItemRead", "scopeKind": "class"}, {"_type": "tag", "name": "name", "path": "/home/kavia/workspace/code-generation/food-delivery-management-system-315257-315266/backend_api/src/api/models/schemas.py", "pattern": "/^    name: str = Field(..., description=\"Item name.\", examples=[\"Salmon Nigiri\"])$/", "language": "Python", "typeref": "typename:str", "kind": "variable", "scope": "MenuItemBase", "scopeKind": "class"}, {"_type": "tag", "name": "name", "path": "/home/kavia/workspace/code-generation/food-delivery-management-system-315257-315266/backend_api/src/api/models/schemas.py", "pattern": "/^    name: str = Field(..., description=\"Restaurant display name.\", examples=[\"Sushi Place\"])$/", "language": "Python", "typeref": "typename:str", "kind": "variable", "scope": "RestaurantBase", "scopeKind": "class"}, {"_type": "tag", "name": "order_id", "path": "/home/kavia/workspace/code-generation/food-delivery-management-system-315257-315266/backend_api/src/api/models/schemas.py", "pattern": "/^    order_id: int = Field(..., description=\"Order being paid.\")$/", "language": "Python", "typeref": "typename:int", "kind": "variable", "scope": "PaymentCreate", "scopeKind": "class"}, {"_type": "tag", "name": "price_cents", "path": "/home/kavia/workspace/code-generation/food-delivery-management-system-315257-315266/backend_api/src/api/models/schemas.py", "pattern": "/^    price_cents: int = Field(..., ge=0, description=\"Item price in cents.\", examples=[1299])$/", "language": "Python", "typeref": "typename:int", "kind": "variable", "scope": "MenuItemBase", "scopeKind": "class"}, {"_type": "tag", "name": "price_cents_each", "path": "/home/kavia/workspace/code-generation/food-delivery-management-system-315257-315266/backend_api/src/api/models/schemas.py", "pattern": "/^    price_cents_each: int = Field(..., ge=0, description=\"Price per item (snapshotted at order t/", "language": "Python", "typeref": "typename:int", "kind": "variable", "scope": "OrderItemRead", "scopeKind": "class"}, {"_type": "tag", "name": "provider", "path": "/home/kavia/workspace/code-generation/food-delivery-management-system-315257-315266/backend_api/src/api/models/schemas.py", "pattern": "/^    provider: str = Field(default=\"mock\", description=\"Payment provider identifier.\")$/", "language": "Python", "typeref": "typename:str", "kind": "variable", "scope": "PaymentCreate", "scopeKind": "class"}, {"_type": "tag", "name": "quantity", "path": "/home/kavia/workspace/code-generation/food-delivery-management-system-315257-315266/backend_api/src/api/models/schemas.py", "pattern": "/^    quantity: int = Field(..., ge=1, description=\"Quantity ordered.\")$/", "language": "Python", "typeref": "typename:int", "kind": "variable", "scope": "OrderItemRead", "scopeKind": "class"}, {"_type": "tag", "name": "quantity", "path": "/home/kavia/workspace/code-generation/food-delivery-management-system-315257-315266/backend_api/src/api/models/schemas.py", "pattern": "/^    quantity: int = Field(..., ge=1, description=\"Quantity ordered.\", examples=[2])$/", "language": "Python", "typeref": "typename:int", "kind": "variable", "scope": "OrderItemCreate", "scopeKind": "class"}, {"_type": "tag", "name": "restaurant_id", "path": "/home/kavia/workspace/code-generation/food-delivery-management-system-315257-315266/backend_api/src/api/models/schemas.py", "pattern": "/^    restaurant_id: int = Field(..., description=\"Owning restaurant ID.\")$/", "language": "Python", "typeref": "typename:int", "kind": "variable", "scope": "MenuItemBase", "scopeKind": "class"}, {"_type": "tag", "name": "restaurant_id", "path": "/home/kavia/workspace/code-generation/food-delivery-management-system-315257-315266/backend_api/src/api/models/schemas.py", "pattern": "/^    restaurant_id: int = Field(..., description=\"Restaurant ID being ordered from.\")$/", "language": "Python", "typeref": "typename:int", "kind": "variable", "scope": "OrderCreate", "scopeKind": "class"}, {"_type": "tag", "name": "restaurant_id", "path": "/home/kavia/workspace/code-generation/food-delivery-management-system-315257-315266/backend_api/src/api/models/schemas.py", "pattern": "/^    restaurant_id: int = Field(..., description=\"Restaurant ID.\")$/", "language": "Python", "typeref": "typename:int", "kind": "variable", "scope": "OrderRead", "scopeKind": "class"}, {"_type": "tag", "name": "status", "path": "/home/kavia/workspace/code-generation/food-delivery-management-system-315257-315266/backend_api/src/api/models/schemas.py", "pattern": "/^    status: str = Field($/", "language": "Python", "typeref": "typename:str", "kind": "variable", "scope": "DeliveryUpdate", "scopeKind": "class"}, {"_type": "tag", "name": "status", "path": "/home/kavia/workspace/code-generation/food-delivery-management-system-315257-315266/backend_api/src/api/models/schemas.py", "pattern": "/^    status: str = Field(..., description=\"Order status.\", examples=[\"created\", \"paid\", \"preparin/", "language": "Python", "typeref": "typename:str", "kind": "variable", "scope": "OrderRead", "scopeKind": "class"}, {"_type": "tag", "name": "total_cents", "path": "/home/kavia/workspace/code-generation/food-delivery-management-system-315257-315266/backend_api/src/api/models/schemas.py", "pattern": "/^    total_cents: int = Field(..., ge=0, description=\"Order total in cents.\")$/", "language": "Python", "typeref": "typename:int", "kind": "variable", "scope": "OrderRead", "scopeKind": "class"}], "hash": "4260fe19f81c0bbce76cc185437385ec", "format-version": 4, "code-base-name": "backend_api", "filename": "backend_api/src/api/models/schemas.py", "fields": [{"name": "int amount_cents", "scope": "PaymentCreate", "scopeKind": "class", "description": "unavailable"}, {"name": "datetime created_at", "scope": "MenuItemRead", "scopeKind": "class", "description": "unavailable"}, {"name": "Optional[str] description", "scope": "MenuItemBase", "scopeKind": "class", "description": "unavailable"}, {"name": "from_attributes = True", "scope": "MenuItemRead.Config", "scopeKind": "class", "description": "unavailable"}, {"name": "int id", "scope": "MenuItemRead", "scopeKind": "class", "description": "unavailable"}, {"name": "bool is_active", "scope": "RestaurantBase", "scopeKind": "class", "description": "unavailable"}, {"name": "bool is_available", "scope": "MenuItemBase", "scopeKind": "class", "description": "unavailable"}, {"name": "List[OrderItemCreate] items", "scope": "OrderCreate", "scopeKind": "class", "description": "unavailable"}, {"name": "List[OrderItemRead] items", "scope": "OrderRead", "scopeKind": "class", "description": "unavailable"}, {"name": "int menu_item_id", "scope": "OrderItemCreate", "scopeKind": "class", "description": "unavailable"}, {"name": "str name", "scope": "MenuItemBase", "scopeKind": "class", "description": "unavailable"}, {"name": "int order_id", "scope": "PaymentCreate", "scopeKind": "class", "description": "unavailable"}, {"name": "int price_cents", "scope": "MenuItemBase", "scopeKind": "class", "description": "unavailable"}, {"name": "int price_cents_each", "scope": "OrderItemRead", "scopeKind": "class", "description": "unavailable"}, {"name": "str provider", "scope": "PaymentCreate", "scopeKind": "class", "description": "unavailable"}, {"name": "int quantity", "scope": "OrderItemRead", "scopeKind": "class", "description": "unavailable"}, {"name": "int restaurant_id", "scope": "MenuItemBase", "scopeKind": "class", "description": "unavailable"}, {"name": "str status", "scope": "DeliveryUpdate", "scopeKind": "class", "description": "unavailable"}, {"name": "int total_cents", "scope": "OrderRead", "scopeKind": "class", "description": "unavailable"}], "revision_history": [{"26": "d14c09d9101f338766e90860c922b16fd13c7164"}]}