{"is_source_file": true, "format": "Python", "description": "This file defines API routes for managing restaurant entities in a food delivery management system using FastAPI. It includes endpoints for creating, listing, and fetching restaurants by ID, interacting with a database via SQLAlchemy models.", "external_files": ["src.api.core.db", "src.api.models.db_models", "src.api.models.schemas"], "external_methods": ["get_db", "model_validate"], "published": ["create_restaurant", "list_restaurants", "get_restaurant"], "classes": [], "methods": [{"name": "RestaurantRead create_restaurant(payload: RestaurantCreate, db: Session = Depends(get_db))", "description": "Creates a new restaurant in the database using data from the payload.", "scope": "", "scopeKind": ""}, {"name": "list[RestaurantRead] list_restaurants( is_active: bool | None = Query(default=None, description=\"If provided, filter by active status.\"), limit: int = Query(default=50, ge=1, le=200, description=\"Max number of results.\"), offset: int = Query(default=0, ge=0, description=\"Offset for pagination.\"), db: Session = Depends(get_db), )", "description": "Retrieves a list of restaurants from the database, with optional filtering by active status and pagination.", "scope": "", "scopeKind": ""}, {"name": "RestaurantRead get_restaurant(restaurant_id: int, db: Session = Depends(get_db))", "description": "Fetches a restaurant by its ID from the database.", "scope": "", "scopeKind": ""}], "calls": ["db_models.Restaurant", "db.add", "db.commit", "db.refresh", "RestaurantRead.model_validate", "select", "db.execute", "db.get"], "search-terms": ["restaurants API", "FastAPI restaurant endpoints", "create_restaurant", "list_restaurants", "get_restaurant", "SQLAlchemy ORM", "FastAPI APIRouter"], "state": 2, "file_id": 11, "knowledge_revision": 30, "git_revision": "d14c09d9101f338766e90860c922b16fd13c7164", "ctags": [{"_type": "tag", "name": "create_restaurant", "path": "/home/kavia/workspace/code-generation/food-delivery-management-system-315257-315266/backend_api/src/api/routers/restaurants.py", "pattern": "/^def create_restaurant(payload: RestaurantCreate, db: Session = Depends(get_db)) -> RestaurantRea/", "language": "Python", "typeref": "typename:RestaurantRead", "kind": "function", "signature": "(payload: RestaurantCreate, db: Session = Depends(get_db))"}, {"_type": "tag", "name": "get_restaurant", "path": "/home/kavia/workspace/code-generation/food-delivery-management-system-315257-315266/backend_api/src/api/routers/restaurants.py", "pattern": "/^def get_restaurant(restaurant_id: int, db: Session = Depends(get_db)) -> RestaurantRead:$/", "language": "Python", "typeref": "typename:RestaurantRead", "kind": "function", "signature": "(restaurant_id: int, db: Session = Depends(get_db))"}, {"_type": "tag", "name": "list_restaurants", "path": "/home/kavia/workspace/code-generation/food-delivery-management-system-315257-315266/backend_api/src/api/routers/restaurants.py", "pattern": "/^def list_restaurants($/", "language": "Python", "typeref": "typename:list[RestaurantRead]", "kind": "function", "signature": "( is_active: bool | None = Query(default=None, description=\"If provided, filter by active status.\"), limit: int = Query(default=50, ge=1, le=200, description=\"Max number of results.\"), offset: int = Query(default=0, ge=0, description=\"Offset for pagination.\"), db: Session = Depends(get_db), )"}, {"_type": "tag", "name": "router", "path": "/home/kavia/workspace/code-generation/food-delivery-management-system-315257-315266/backend_api/src/api/routers/restaurants.py", "pattern": "/^router = APIRouter(prefix=\"\\/restaurants\", tags=[\"restaurants\"])$/", "language": "Python", "kind": "variable"}], "hash": "80ae9312f200e9d57296da746a3fac88", "format-version": 4, "code-base-name": "backend_api", "filename": "backend_api/src/api/routers/restaurants.py", "fields": [{"name": "router = APIRouter(prefix=\"\\/restaurants\", tags=[\"restaurants\"])", "scope": "", "scopeKind": "", "description": "unavailable"}], "revision_history": [{"30": "d14c09d9101f338766e90860c922b16fd13c7164"}]}