{"is_source_file": true, "format": "Python", "description": "Main FastAPI application setup for the food delivery management system, including middleware, startup event, and routing.", "external_files": ["src.api.core.config", "src.api.core.init_db", "src.api.routers.health", "src.api.routers.menu_items", "src.api.routers.orders", "src.api.routers.payments", "src.api.routers.restaurants"], "external_methods": ["get_settings", "init_db"], "published": ["app"], "classes": [], "methods": [{"name": "None _startup()", "description": "Function to initialize application state on startup, such as creating database tables.", "scope": "", "scopeKind": ""}, {"name": "dict root()", "description": "Legacy health check endpoint returning a simple health status message.", "scope": "", "scopeKind": ""}], "calls": ["get_settings", "init_db", "app.add_middleware", "app.include_router", "app.on_event", "app.get"], "search-terms": ["FastAPI setup", "startup event", "CORS middleware", "health check endpoint", "router inclusion", "food delivery system main"], "state": 2, "file_id": 4, "knowledge_revision": 24, "git_revision": "d14c09d9101f338766e90860c922b16fd13c7164", "revision_history": [{"9": "6f2ece65e3052d45202d02a6652b4d57bedc6083"}, {"24": "d14c09d9101f338766e90860c922b16fd13c7164"}], "ctags": [{"_type": "tag", "name": "_startup", "path": "/home/kavia/workspace/code-generation/food-delivery-management-system-315257-315266/backend_api/src/api/main.py", "pattern": "/^def _startup() -> None:$/", "language": "Python", "typeref": "typename:None", "kind": "function", "signature": "()"}, {"_type": "tag", "name": "app", "path": "/home/kavia/workspace/code-generation/food-delivery-management-system-315257-315266/backend_api/src/api/main.py", "pattern": "/^app = FastAPI($/", "language": "Python", "kind": "variable"}, {"_type": "tag", "name": "health_router", "path": "/home/kavia/workspace/code-generation/food-delivery-management-system-315257-315266/backend_api/src/api/main.py", "pattern": "/^from src.api.routers.health import router as health_router$/", "language": "Python", "kind": "unknown", "nameref": "unknown:router"}, {"_type": "tag", "name": "menu_items_router", "path": "/home/kavia/workspace/code-generation/food-delivery-management-system-315257-315266/backend_api/src/api/main.py", "pattern": "/^from src.api.routers.menu_items import router as menu_items_router$/", "language": "Python", "kind": "unknown", "nameref": "unknown:router"}, {"_type": "tag", "name": "openapi_tags", "path": "/home/kavia/workspace/code-generation/food-delivery-management-system-315257-315266/backend_api/src/api/main.py", "pattern": "/^openapi_tags = [$/", "language": "Python", "kind": "variable"}, {"_type": "tag", "name": "orders_router", "path": "/home/kavia/workspace/code-generation/food-delivery-management-system-315257-315266/backend_api/src/api/main.py", "pattern": "/^from src.api.routers.orders import router as orders_router$/", "language": "Python", "kind": "unknown", "nameref": "unknown:router"}, {"_type": "tag", "name": "payments_router", "path": "/home/kavia/workspace/code-generation/food-delivery-management-system-315257-315266/backend_api/src/api/main.py", "pattern": "/^from src.api.routers.payments import router as payments_router$/", "language": "Python", "kind": "unknown", "nameref": "unknown:router"}, {"_type": "tag", "name": "restaurants_router", "path": "/home/kavia/workspace/code-generation/food-delivery-management-system-315257-315266/backend_api/src/api/main.py", "pattern": "/^from src.api.routers.restaurants import router as restaurants_router$/", "language": "Python", "kind": "unknown", "nameref": "unknown:router"}, {"_type": "tag", "name": "root", "path": "/home/kavia/workspace/code-generation/food-delivery-management-system-315257-315266/backend_api/src/api/main.py", "pattern": "/^def root() -> dict:$/", "language": "Python", "typeref": "typename:dict", "kind": "function", "signature": "()"}, {"_type": "tag", "name": "settings", "path": "/home/kavia/workspace/code-generation/food-delivery-management-system-315257-315266/backend_api/src/api/main.py", "pattern": "/^settings = get_settings()$/", "language": "Python", "kind": "variable"}], "hash": "5f54c703be59a676ae484116740e11de", "format-version": 4, "code-base-name": "backend_api", "filename": "backend_api/src/api/main.py", "fields": [{"name": "app = FastAPI(", "scope": "", "scopeKind": "", "description": "unavailable"}, {"name": "openapi_tags = [", "scope": "", "scopeKind": "", "description": "unavailable"}, {"name": "settings = get_settings()", "scope": "", "scopeKind": "", "description": "unavailable"}]}