{"is_source_file": true, "format": "Python", "description": "This file contains database connection and session management code for a backend API, utilizing SQLAlchemy to establish and maintain PostgreSQL database connections. It provides functions for building database URLs, creating engine and session objects, and checking database connectivity.", "external_files": ["src.api.core.config"], "external_methods": ["get_settings"], "published": ["get_engine", "get_db", "db_session", "check_db_connection"], "classes": [], "methods": [{"name": "Optional[str] _build_database_url()", "description": "Constructs a PostgreSQL URL from environment settings or configuration.", "scope": "", "scopeKind": ""}, {"name": "Engine get_engine()", "description": "Returns a singleton SQLAlchemy engine configured for PostgreSQL.", "scope": "", "scopeKind": ""}, {"name": "Generator[Session,None,None] get_db()", "description": "Provides a FastAPI dependency that manages a database session, ensuring proper cleanup.", "scope": "", "scopeKind": ""}, {"name": "Generator[Session,None,None] db_session()", "description": "A context manager for internal usage to manage a SQLAlchemy session.", "scope": "", "scopeKind": ""}, {"name": "bool check_db_connection()", "description": "Checks if the database is reachable by executing a simple SELECT statement.", "scope": "", "scopeKind": ""}], "calls": ["get_settings", "create_engine", "sessionmaker", "get_engine", "get_db", "next", "close", "connect", "execute", "text"], "search-terms": ["database connection", "SQLAlchemy engine", "session management", "PostgreSQL connection", "get_settings"], "state": 2, "file_id": 6, "knowledge_revision": 25, "git_revision": "d14c09d9101f338766e90860c922b16fd13c7164", "ctags": [{"_type": "tag", "name": "_SessionLocal", "path": "/home/kavia/workspace/code-generation/food-delivery-management-system-315257-315266/backend_api/src/api/core/db.py", "pattern": "/^_SessionLocal: Optional[sessionmaker] = None$/", "language": "Python", "typeref": "typename:Optional[sessionmaker]", "kind": "variable"}, {"_type": "tag", "name": "_build_database_url", "path": "/home/kavia/workspace/code-generation/food-delivery-management-system-315257-315266/backend_api/src/api/core/db.py", "pattern": "/^def _build_database_url() -> Optional[str]:$/", "language": "Python", "typeref": "typename:Optional[str]", "kind": "function", "signature": "()"}, {"_type": "tag", "name": "_engine", "path": "/home/kavia/workspace/code-generation/food-delivery-management-system-315257-315266/backend_api/src/api/core/db.py", "pattern": "/^_engine: Optional[Engine] = None$/", "language": "Python", "typeref": "typename:Optional[Engine]", "kind": "variable"}, {"_type": "tag", "name": "check_db_connection", "path": "/home/kavia/workspace/code-generation/food-delivery-management-system-315257-315266/backend_api/src/api/core/db.py", "pattern": "/^def check_db_connection() -> bool:$/", "language": "Python", "typeref": "typename:bool", "kind": "function", "signature": "()"}, {"_type": "tag", "name": "db_session", "path": "/home/kavia/workspace/code-generation/food-delivery-management-system-315257-315266/backend_api/src/api/core/db.py", "pattern": "/^def db_session() -> Generator[Session, None, None]:$/", "language": "Python", "typeref": "typename:Generator[Session,None,None]", "kind": "function", "signature": "()"}, {"_type": "tag", "name": "get_db", "path": "/home/kavia/workspace/code-generation/food-delivery-management-system-315257-315266/backend_api/src/api/core/db.py", "pattern": "/^def get_db() -> Generator[Session, None, None]:$/", "language": "Python", "typeref": "typename:Generator[Session,None,None]", "kind": "function", "signature": "()"}, {"_type": "tag", "name": "get_engine", "path": "/home/kavia/workspace/code-generation/food-delivery-management-system-315257-315266/backend_api/src/api/core/db.py", "pattern": "/^def get_engine() -> Engine:$/", "language": "Python", "typeref": "typename:Engine", "kind": "function", "signature": "()"}], "hash": "e2b2872c6cc62578a957f14b3f11cc4d", "format-version": 4, "code-base-name": "backend_api", "filename": "backend_api/src/api/core/db.py", "fields": [{"name": "Optional[sessionmaker] _SessionLocal", "scope": "", "scopeKind": "", "description": "unavailable"}, {"name": "Optional[Engine] _engine", "scope": "", "scopeKind": "", "description": "unavailable"}], "revision_history": [{"25": "d14c09d9101f338766e90860c922b16fd13c7164"}]}