{"is_source_file": true, "format": "Python", "description": "This is an __init__.py file serving as a module initializer, with a docstring indicating it contains database and Pydantic models for the API.", "external_files": [], "external_methods": [], "published": [], "classes": [], "methods": [], "calls": [], "search-terms": ["database", "Pydantic models", "API", "models", "__init__.py"], "state": 2, "file_id": 16, "knowledge_revision": 35, "git_revision": "d14c09d9101f338766e90860c922b16fd13c7164", "ctags": [], "hash": "2cdeff5974fddb3f15dc5644340ce3ee", "format-version": 4, "code-base-name": "backend_api", "filename": "backend_api/src/api/models/__init__.py", "revision_history": [{"35": "d14c09d9101f338766e90860c922b16fd13c7164"}]}