{"is_source_file": true, "format": "Python", "description": "This file defines an initialization function for setting up the database schema by creating tables using SQLAlchemy's ORM. It imports specific modules for database engine retrieval and ORM models, and handles exceptions during schema creation.", "external_files": ["src.api.core.db", "src.api.models.db_models"], "external_methods": ["src.api.core.db.get_engine"], "published": ["init_db"], "classes": [], "methods": [{"name": "None init_db()", "description": "Initializes the database schema by creating tables if they don't exist, with exception handling.", "scope": "", "scopeKind": ""}], "calls": ["get_engine", "Base.metadata.create_all"], "search-terms": ["init_db", "create_all", "SQLAlchemyError", "metadata", "database schema", "bootstrap database"], "state": 2, "file_id": 9, "knowledge_revision": 28, "git_revision": "d14c09d9101f338766e90860c922b16fd13c7164", "ctags": [{"_type": "tag", "name": "init_db", "path": "/home/kavia/workspace/code-generation/food-delivery-management-system-315257-315266/backend_api/src/api/core/init_db.py", "pattern": "/^def init_db() -> None:$/", "language": "Python", "typeref": "typename:None", "kind": "function", "signature": "()"}], "hash": "1dd1831cdaef6f5c0824a72f7db2132c", "format-version": 4, "code-base-name": "backend_api", "filename": "backend_api/src/api/core/init_db.py", "revision_history": [{"28": "d14c09d9101f338766e90860c922b16fd13c7164"}]}