{"is_source_file": true, "format": "Python", "description": "This file defines API routes for managing menu items in a food delivery system, including creating, listing, and retrieving menu items, using FastAPI and SQLAlchemy ORM.", "external_files": ["src/api/core/db", "src/api/models", "src/api/models/db_models", "src/api/models/schemas"], "external_methods": ["get_db", "db_models.Restaurant", "db_models.MenuItem", "MenuItemRead.model_validate"], "published": ["create_menu_item", "list_menu_items", "get_menu_item"], "classes": [], "methods": [{"name": "MenuItemRead create_menu_item(payload: MenuItemCreate, db: Session = Depends(get_db))", "description": "Creates a new menu item for a restaurant.", "scope": "", "scopeKind": ""}, {"name": "list[MenuItemRead] list_menu_items( restaurant_id: int | None = Query(default=None, description=\"Filter to a restaurant.\"), is_available: bool | None = Query(default=None, description=\"Filter by availability.\"), limit: int = Query(default=50, ge=1, le=200, description=\"Max number of results.\"), offset: int = Query(default=0, ge=0, description=\"Offset for pagination.\"), db: Session = Depends(get_db), )", "description": "Lists menu items with optional filtering and pagination.", "scope": "", "scopeKind": ""}, {"name": "MenuItemRead get_menu_item(menu_item_id: int, db: Session = Depends(get_db))", "description": "Fetches a specific menu item by ID.", "scope": "", "scopeKind": ""}], "calls": ["db.get", "db.add", "db.commit", "db.refresh", "db.execute", "MenuItemRead.model_validate"], "search-terms": ["/menu-items", "APIRouter", "list menu items", "create menu item", "get menu item", "restaurant_id", "is_available"], "state": 2, "file_id": 12, "knowledge_revision": 31, "git_revision": "d14c09d9101f338766e90860c922b16fd13c7164", "ctags": [{"_type": "tag", "name": "create_menu_item", "path": "/home/kavia/workspace/code-generation/food-delivery-management-system-315257-315266/backend_api/src/api/routers/menu_items.py", "pattern": "/^def create_menu_item(payload: MenuItemCreate, db: Session = Depends(get_db)) -> MenuItemRead:$/", "language": "Python", "typeref": "typename:MenuItemRead", "kind": "function", "signature": "(payload: MenuItemCreate, db: Session = Depends(get_db))"}, {"_type": "tag", "name": "get_menu_item", "path": "/home/kavia/workspace/code-generation/food-delivery-management-system-315257-315266/backend_api/src/api/routers/menu_items.py", "pattern": "/^def get_menu_item(menu_item_id: int, db: Session = Depends(get_db)) -> MenuItemRead:$/", "language": "Python", "typeref": "typename:MenuItemRead", "kind": "function", "signature": "(menu_item_id: int, db: Session = Depends(get_db))"}, {"_type": "tag", "name": "list_menu_items", "path": "/home/kavia/workspace/code-generation/food-delivery-management-system-315257-315266/backend_api/src/api/routers/menu_items.py", "pattern": "/^def list_menu_items($/", "language": "Python", "typeref": "typename:list[MenuItemRead]", "kind": "function", "signature": "( restaurant_id: int | None = Query(default=None, description=\"Filter to a restaurant.\"), is_available: bool | None = Query(default=None, description=\"Filter by availability.\"), limit: int = Query(default=50, ge=1, le=200, description=\"Max number of results.\"), offset: int = Query(default=0, ge=0, description=\"Offset for pagination.\"), db: Session = Depends(get_db), )"}, {"_type": "tag", "name": "router", "path": "/home/kavia/workspace/code-generation/food-delivery-management-system-315257-315266/backend_api/src/api/routers/menu_items.py", "pattern": "/^router = APIRouter(prefix=\"\\/menu-items\", tags=[\"menu\"])$/", "language": "Python", "kind": "variable"}], "hash": "2b9d39608323c1d6e954c21d33b9eb29", "format-version": 4, "code-base-name": "backend_api", "filename": "backend_api/src/api/routers/menu_items.py", "fields": [{"name": "router = APIRouter(prefix=\"\\/menu-items\", tags=[\"menu\"])", "scope": "", "scopeKind": "", "description": "unavailable"}], "revision_history": [{"31": "d14c09d9101f338766e90860c922b16fd13c7164"}]}