{"is_source_file": true, "file_id": 5, "git_revision": "", "state": 1, "description": "", "external_files": [], "external_methods": [], "published": [], "classes": [], "methods": [], "calls": [], "search-terms": [], "ctags": [{"_type": "tag", "name": "Settings", "path": "/home/kavia/workspace/code-generation/food-delivery-management-system-315257-315266/backend_api/src/api/core/config.py", "pattern": "/^class Settings(BaseModel):$/", "language": "Python", "kind": "class"}, {"_type": "tag", "name": "_csv", "path": "/home/kavia/workspace/code-generation/food-delivery-management-system-315257-315266/backend_api/src/api/core/config.py", "pattern": "/^    def _csv(name: str) -> List[str]:$/", "file": true, "language": "Python", "typeref": "typename:List[str]", "kind": "function", "signature": "(name: str)", "scope": "get_settings", "scopeKind": "function"}, {"_type": "tag", "name": "allowed_headers", "path": "/home/kavia/workspace/code-generation/food-delivery-management-system-315257-315266/backend_api/src/api/core/config.py", "pattern": "/^    allowed_headers: List[str] = Field($/", "language": "Python", "typeref": "typename:List[str]", "kind": "variable", "scope": "Settings", "scopeKind": "class"}, {"_type": "tag", "name": "allowed_methods", "path": "/home/kavia/workspace/code-generation/food-delivery-management-system-315257-315266/backend_api/src/api/core/config.py", "pattern": "/^    allowed_methods: List[str] = Field($/", "language": "Python", "typeref": "typename:List[str]", "kind": "variable", "scope": "Settings", "scopeKind": "class"}, {"_type": "tag", "name": "allowed_origins", "path": "/home/kavia/workspace/code-generation/food-delivery-management-system-315257-315266/backend_api/src/api/core/config.py", "pattern": "/^    allowed_origins: List[str] = Field($/", "language": "Python", "typeref": "typename:List[str]", "kind": "variable", "scope": "Settings", "scopeKind": "class"}, {"_type": "tag", "name": "app_description", "path": "/home/kavia/workspace/code-generation/food-delivery-management-system-315257-315266/backend_api/src/api/core/config.py", "pattern": "/^    app_description: str = Field($/", "language": "Python", "typeref": "typename:str", "kind": "variable", "scope": "Settings", "scopeKind": "class"}, {"_type": "tag", "name": "app_name", "path": "/home/kavia/workspace/code-generation/food-delivery-management-system-315257-315266/backend_api/src/api/core/config.py", "pattern": "/^    app_name: str = Field(default=\"Food Delivery Backend API\", description=\"Human-friendly API n/", "language": "Python", "typeref": "typename:str", "kind": "variable", "scope": "Settings", "scopeKind": "class"}, {"_type": "tag", "name": "app_version", "path": "/home/kavia/workspace/code-generation/food-delivery-management-system-315257-315266/backend_api/src/api/core/config.py", "pattern": "/^    app_version: str = Field(default=\"0.1.0\", description=\"API version string.\")$/", "language": "Python", "typeref": "typename:str", "kind": "variable", "scope": "Settings", "scopeKind": "class"}, {"_type": "tag", "name": "cors_max_age", "path": "/home/kavia/workspace/code-generation/food-delivery-management-system-315257-315266/backend_api/src/api/core/config.py", "pattern": "/^    cors_max_age: int = Field(default=3600, description=\"CORS preflight max age in seconds.\")$/", "language": "Python", "typeref": "typename:int", "kind": "variable", "scope": "Settings", "scopeKind": "class"}, {"_type": "tag", "name": "database_url", "path": "/home/kavia/workspace/code-generation/food-delivery-management-system-315257-315266/backend_api/src/api/core/config.py", "pattern": "/^    database_url: Optional[str] = Field($/", "language": "Python", "typeref": "typename:Optional[str]", "kind": "variable", "scope": "Settings", "scopeKind": "class"}, {"_type": "tag", "name": "get_settings", "path": "/home/kavia/workspace/code-generation/food-delivery-management-system-315257-315266/backend_api/src/api/core/config.py", "pattern": "/^def get_settings() -> Settings:$/", "language": "Python", "typeref": "typename:Settings", "kind": "function", "signature": "()"}, {"_type": "tag", "name": "pg_db", "path": "/home/kavia/workspace/code-generation/food-delivery-management-system-315257-315266/backend_api/src/api/core/config.py", "pattern": "/^    pg_db: Optional[str] = Field(default=None, description=\"PostgreSQL database name (fallback i/", "language": "Python", "typeref": "typename:Optional[str]", "kind": "variable", "scope": "Settings", "scopeKind": "class"}, {"_type": "tag", "name": "pg_host", "path": "/home/kavia/workspace/code-generation/food-delivery-management-system-315257-315266/backend_api/src/api/core/config.py", "pattern": "/^    pg_host: Optional[str] = Field(default=None, description=\"PostgreSQL host (fallback if DATAB/", "language": "Python", "typeref": "typename:Optional[str]", "kind": "variable", "scope": "Settings", "scopeKind": "class"}, {"_type": "tag", "name": "pg_password", "path": "/home/kavia/workspace/code-generation/food-delivery-management-system-315257-315266/backend_api/src/api/core/config.py", "pattern": "/^    pg_password: Optional[str] = Field($/", "language": "Python", "typeref": "typename:Optional[str]", "kind": "variable", "scope": "Settings", "scopeKind": "class"}, {"_type": "tag", "name": "pg_port", "path": "/home/kavia/workspace/code-generation/food-delivery-management-system-315257-315266/backend_api/src/api/core/config.py", "pattern": "/^    pg_port: int = Field(default=5432, description=\"PostgreSQL port (fallback if DATABASE_URL is/", "language": "Python", "typeref": "typename:int", "kind": "variable", "scope": "Settings", "scopeKind": "class"}, {"_type": "tag", "name": "pg_user", "path": "/home/kavia/workspace/code-generation/food-delivery-management-system-315257-315266/backend_api/src/api/core/config.py", "pattern": "/^    pg_user: Optional[str] = Field(default=None, description=\"PostgreSQL user (fallback if DATAB/", "language": "Python", "typeref": "typename:Optional[str]", "kind": "variable", "scope": "Settings", "scopeKind": "class"}], "format": "Python", "hash": "2e64af79534ac3164a13eca62810671e", "format-version": 4, "code-base-name": "backend_api", "filename": "backend_api/src/api/core/config.py", "knowledge_revision": 10}