{"is_source_file": false, "format": "", "description": "", "external_files": [], "external_methods": [], "published": [], "classes": [], "methods": [], "calls": [], "search-terms": [], "state": 2, "file_id": 17, "knowledge_revision": 36, "git_revision": "d14c09d9101f338766e90860c922b16fd13c7164", "ctags": [], "hash": "8c2836a538372ae4dc2be1cc7e783b0f", "format-version": 4, "code-base-name": "backend_api", "filename": "backend_api/src/api/routers/__init__.py", "revision_history": [{"36": "d14c09d9101f338766e90860c922b16fd13c7164"}]}