{"is_source_file": true, "format": "Python", "description": "This Python source file defines API routes related to payments in a food delivery management system. It includes a FastAPI APIRouter setup, helper functions for converting ORM models to API schemas, and an endpoint to create a payment record and update order status.", "external_files": ["src/api/core/db", "src/api/models", "src/api/models/schemas"], "external_methods": ["get_db", "db_models.Order", "OrderItemRead.model_validate"], "published": ["create_payment"], "classes": [], "methods": [{"name": "OrderRead _order_to_read(order: db_models.Order)", "description": "Converts a database ORM Order object into an API schema OrderRead model.", "scope": "", "scopeKind": ""}, {"name": "dict create_payment(payload: PaymentCreate, db: Session = Depends(get_db))", "scope": "", "scopeKind": "", "description": "unavailable"}], "calls": ["select", "selectinload", "db.execute", "scalars", "first", "raise HTTPException", "db.add", "db.commit"], "search-terms": ["payments.py", "create_payment", "payment", "order status update", "FastAPI router", "OrderItemRead", "PaymentCreate"], "state": 2, "file_id": 14, "knowledge_revision": 33, "git_revision": "d14c09d9101f338766e90860c922b16fd13c7164", "ctags": [{"_type": "tag", "name": "_order_to_read", "path": "/home/kavia/workspace/code-generation/food-delivery-management-system-315257-315266/backend_api/src/api/routers/payments.py", "pattern": "/^def _order_to_read(order: db_models.Order) -> OrderRead:$/", "language": "Python", "typeref": "typename:OrderRead", "kind": "function", "signature": "(order: db_models.Order)"}, {"_type": "tag", "name": "create_payment", "path": "/home/kavia/workspace/code-generation/food-delivery-management-system-315257-315266/backend_api/src/api/routers/payments.py", "pattern": "/^def create_payment(payload: PaymentCreate, db: Session = Depends(get_db)) -> dict:$/", "language": "Python", "typeref": "typename:dict", "kind": "function", "signature": "(payload: PaymentCreate, db: Session = Depends(get_db))"}, {"_type": "tag", "name": "router", "path": "/home/kavia/workspace/code-generation/food-delivery-management-system-315257-315266/backend_api/src/api/routers/payments.py", "pattern": "/^router = APIRouter(prefix=\"\\/payments\", tags=[\"payments\"])$/", "language": "Python", "kind": "variable"}], "hash": "cc0bcc3b05f24260bc0297a7caec7f86", "format-version": 4, "code-base-name": "backend_api", "filename": "backend_api/src/api/routers/payments.py", "fields": [{"name": "router = APIRouter(prefix=\"\\/payments\", tags=[\"payments\"])", "scope": "", "scopeKind": "", "description": "unavailable"}], "revision_history": [{"33": "d14c09d9101f338766e90860c922b16fd13c7164"}]}