{"is_source_file": true, "format": "Python", "description": "This file defines API routes for health checks in a FastAPI application, including liveness and database connectivity probes.", "external_files": ["src.api.core.db"], "external_methods": ["check_db_connection"], "published": ["health", "health_db"], "classes": [], "methods": [{"name": "dict health()", "description": "Liveness probe endpoint that returns status indicating the service is up.", "scope": "", "scopeKind": ""}, {"name": "dict health_db()", "description": "Database connectivity health check endpoint that verifies database reachability.", "scope": "", "scopeKind": ""}], "calls": ["check_db_connection()"], "search-terms": ["health", "liveness", "database", "postgresql", "ping", "connectivity", "FastAPI", "/health", "/health/db"], "state": 2, "file_id": 10, "knowledge_revision": 29, "git_revision": "d14c09d9101f338766e90860c922b16fd13c7164", "ctags": [{"_type": "tag", "name": "health", "path": "/home/kavia/workspace/code-generation/food-delivery-management-system-315257-315266/backend_api/src/api/routers/health.py", "pattern": "/^def health() -> dict:$/", "language": "Python", "typeref": "typename:dict", "kind": "function", "signature": "()"}, {"_type": "tag", "name": "health_db", "path": "/home/kavia/workspace/code-generation/food-delivery-management-system-315257-315266/backend_api/src/api/routers/health.py", "pattern": "/^def health_db() -> dict:$/", "language": "Python", "typeref": "typename:dict", "kind": "function", "signature": "()"}, {"_type": "tag", "name": "router", "path": "/home/kavia/workspace/code-generation/food-delivery-management-system-315257-315266/backend_api/src/api/routers/health.py", "pattern": "/^router = APIRouter(tags=[\"health\"])$/", "language": "Python", "kind": "variable"}], "hash": "7a71b9c5f065d3cbd51da32407499e65", "format-version": 4, "code-base-name": "backend_api", "filename": "backend_api/src/api/routers/health.py", "fields": [{"name": "router = APIRouter(tags=[\"health\"])", "scope": "", "scopeKind": "", "description": "unavailable"}], "revision_history": [{"29": "d14c09d9101f338766e90860c922b16fd13c7164"}]}