{"is_source_file": true, "format": "Python", "description": "Core utilities for the API (config, DB, startup helpers).", "external_files": [], "external_methods": [], "published": [], "classes": [], "methods": [], "calls": [], "search-terms": ["core utilities", "api", "config", "DB", "startup helpers"], "state": 2, "file_id": 15, "knowledge_revision": 34, "git_revision": "d14c09d9101f338766e90860c922b16fd13c7164", "ctags": [], "hash": "03536464ab7bc82105d805765a3dce2f", "format-version": 4, "code-base-name": "backend_api", "filename": "backend_api/src/api/core/__init__.py", "revision_history": [{"34": "d14c09d9101f338766e90860c922b16fd13c7164"}]}