{"is_source_file": true, "format": "Python", "description": "This file defines application configuration settings using Pydantic models, primarily sourcing configuration from environment variables for a backend API of a food delivery system.", "external_files": ["os", "typing", "pydantic"], "external_methods": ["os.getenv"], "published": ["get_settings"], "classes": [{"name": "Settings", "description": "Pydantic model that encapsulates application configuration options, including app info, CORS settings, and database connection parameters."}], "methods": [{"name": "Settings get_settings()", "description": "Function that loads environment variables, applies defaults, and returns a configured Settings object.", "scope": "", "scopeKind": ""}, {"name": "List[str] _csv(name: str)", "scope": "get_settings", "scopeKind": "function", "description": "unavailable"}], "calls": ["os.getenv", "Settings"], "search-terms": ["config", "Settings", "environment variables", "CORS", "database connection", "application settings"], "state": 2, "file_id": 5, "knowledge_revision": 20, "git_revision": "d14c09d9101f338766e90860c922b16fd13c7164", "ctags": [{"_type": "tag", "name": "Settings", "path": "/home/kavia/workspace/code-generation/food-delivery-management-system-315257-315266/backend_api/src/api/core/config.py", "pattern": "/^class Settings(BaseModel):$/", "language": "Python", "kind": "class"}, {"_type": "tag", "name": "_csv", "path": "/home/kavia/workspace/code-generation/food-delivery-management-system-315257-315266/backend_api/src/api/core/config.py", "pattern": "/^    def _csv(name: str) -> List[str]:$/", "file": true, "language": "Python", "typeref": "typename:List[str]", "kind": "function", "signature": "(name: str)", "scope": "get_settings", "scopeKind": "function"}, {"_type": "tag", "name": "allowed_headers", "path": "/home/kavia/workspace/code-generation/food-delivery-management-system-315257-315266/backend_api/src/api/core/config.py", "pattern": "/^    allowed_headers: List[str] = Field($/", "language": "Python", "typeref": "typename:List[str]", "kind": "variable", "scope": "Settings", "scopeKind": "class"}, {"_type": "tag", "name": "allowed_methods", "path": "/home/kavia/workspace/code-generation/food-delivery-management-system-315257-315266/backend_api/src/api/core/config.py", "pattern": "/^    allowed_methods: List[str] = Field($/", "language": "Python", "typeref": "typename:List[str]", "kind": "variable", "scope": "Settings", "scopeKind": "class"}, {"_type": "tag", "name": "allowed_origins", "path": "/home/kavia/workspace/code-generation/food-delivery-management-system-315257-315266/backend_api/src/api/core/config.py", "pattern": "/^    allowed_origins: List[str] = Field($/", "language": "Python", "typeref": "typename:List[str]", "kind": "variable", "scope": "Settings", "scopeKind": "class"}, {"_type": "tag", "name": "app_description", "path": "/home/kavia/workspace/code-generation/food-delivery-management-system-315257-315266/backend_api/src/api/core/config.py", "pattern": "/^    app_description: str = Field($/", "language": "Python", "typeref": "typename:str", "kind": "variable", "scope": "Settings", "scopeKind": "class"}, {"_type": "tag", "name": "app_name", "path": "/home/kavia/workspace/code-generation/food-delivery-management-system-315257-315266/backend_api/src/api/core/config.py", "pattern": "/^    app_name: str = Field(default=\"Food Delivery Backend API\", description=\"Human-friendly API n/", "language": "Python", "typeref": "typename:str", "kind": "variable", "scope": "Settings", "scopeKind": "class"}, {"_type": "tag", "name": "app_version", "path": "/home/kavia/workspace/code-generation/food-delivery-management-system-315257-315266/backend_api/src/api/core/config.py", "pattern": "/^    app_version: str = Field(default=\"0.1.0\", description=\"API version string.\")$/", "language": "Python", "typeref": "typename:str", "kind": "variable", "scope": "Settings", "scopeKind": "class"}, {"_type": "tag", "name": "cors_max_age", "path": "/home/kavia/workspace/code-generation/food-delivery-management-system-315257-315266/backend_api/src/api/core/config.py", "pattern": "/^    cors_max_age: int = Field(default=3600, description=\"CORS preflight max age in seconds.\")$/", "language": "Python", "typeref": "typename:int", "kind": "variable", "scope": "Settings", "scopeKind": "class"}, {"_type": "tag", "name": "database_url", "path": "/home/kavia/workspace/code-generation/food-delivery-management-system-315257-315266/backend_api/src/api/core/config.py", "pattern": "/^    database_url: Optional[str] = Field($/", "language": "Python", "typeref": "typename:Optional[str]", "kind": "variable", "scope": "Settings", "scopeKind": "class"}, {"_type": "tag", "name": "get_settings", "path": "/home/kavia/workspace/code-generation/food-delivery-management-system-315257-315266/backend_api/src/api/core/config.py", "pattern": "/^def get_settings() -> Settings:$/", "language": "Python", "typeref": "typename:Settings", "kind": "function", "signature": "()"}, {"_type": "tag", "name": "pg_db", "path": "/home/kavia/workspace/code-generation/food-delivery-management-system-315257-315266/backend_api/src/api/core/config.py", "pattern": "/^    pg_db: Optional[str] = Field(default=None, description=\"PostgreSQL database name (fallback i/", "language": "Python", "typeref": "typename:Optional[str]", "kind": "variable", "scope": "Settings", "scopeKind": "class"}, {"_type": "tag", "name": "pg_host", "path": "/home/kavia/workspace/code-generation/food-delivery-management-system-315257-315266/backend_api/src/api/core/config.py", "pattern": "/^    pg_host: Optional[str] = Field(default=None, description=\"PostgreSQL host (fallback if DATAB/", "language": "Python", "typeref": "typename:Optional[str]", "kind": "variable", "scope": "Settings", "scopeKind": "class"}, {"_type": "tag", "name": "pg_password", "path": "/home/kavia/workspace/code-generation/food-delivery-management-system-315257-315266/backend_api/src/api/core/config.py", "pattern": "/^    pg_password: Optional[str] = Field($/", "language": "Python", "typeref": "typename:Optional[str]", "kind": "variable", "scope": "Settings", "scopeKind": "class"}, {"_type": "tag", "name": "pg_port", "path": "/home/kavia/workspace/code-generation/food-delivery-management-system-315257-315266/backend_api/src/api/core/config.py", "pattern": "/^    pg_port: int = Field(default=5432, description=\"PostgreSQL port (fallback if DATABASE_URL is/", "language": "Python", "typeref": "typename:int", "kind": "variable", "scope": "Settings", "scopeKind": "class"}, {"_type": "tag", "name": "pg_user", "path": "/home/kavia/workspace/code-generation/food-delivery-management-system-315257-315266/backend_api/src/api/core/config.py", "pattern": "/^    pg_user: Optional[str] = Field(default=None, description=\"PostgreSQL user (fallback if DATAB/", "language": "Python", "typeref": "typename:Optional[str]", "kind": "variable", "scope": "Settings", "scopeKind": "class"}], "hash": "2e64af79534ac3164a13eca62810671e", "format-version": 4, "code-base-name": "backend_api", "filename": "backend_api/src/api/core/config.py", "fields": [{"name": "List[str] allowed_headers", "scope": "Settings", "scopeKind": "class", "description": "unavailable"}, {"name": "List[str] allowed_methods", "scope": "Settings", "scopeKind": "class", "description": "unavailable"}, {"name": "List[str] allowed_origins", "scope": "Settings", "scopeKind": "class", "description": "unavailable"}, {"name": "str app_description", "scope": "Settings", "scopeKind": "class", "description": "unavailable"}, {"name": "str app_name", "scope": "Settings", "scopeKind": "class", "description": "unavailable"}, {"name": "str app_version", "scope": "Settings", "scopeKind": "class", "description": "unavailable"}, {"name": "int cors_max_age", "scope": "Settings", "scopeKind": "class", "description": "unavailable"}, {"name": "Optional[str] database_url", "scope": "Settings", "scopeKind": "class", "description": "unavailable"}, {"name": "Optional[str] pg_db", "scope": "Settings", "scopeKind": "class", "description": "unavailable"}, {"name": "Optional[str] pg_host", "scope": "Settings", "scopeKind": "class", "description": "unavailable"}, {"name": "Optional[str] pg_password", "scope": "Settings", "scopeKind": "class", "description": "unavailable"}, {"name": "int pg_port", "scope": "Settings", "scopeKind": "class", "description": "unavailable"}, {"name": "Optional[str] pg_user", "scope": "Settings", "scopeKind": "class", "description": "unavailable"}], "revision_history": [{"20": "d14c09d9101f338766e90860c922b16fd13c7164"}]}